offer_id,article,name,storefront_url,recommended_Виробник
3006683712,v0138,Беспроводной автономный датчик угарного газа со сменной батареей,https://vixi.prom.ua/p3006683712.html,No Name
3024015651,v0180,Набор для шитья и рукоделия 29 элементов,https://vixi.prom.ua/p3024015651.html,No Name
3040622875,v0229,Выжимка цепи велосипеда универсальная,https://vixi.prom.ua/p3040622875.html,No Name
3040638256,v0231,"Форсунки машины для очистки под высоким давлением, днопоглубления муниципального канализационного трубопровода, 1 шт",https://vixi.prom.ua/p3040638256.html,No Name
3040662351,v0234,"Сварочная трубка, металлические гибкие сгибающие сварочные палочки, сварочная насадка - прочная сварочная горелка, мунштук",https://vixi.prom.ua/p3040662351.html,No Name
3048159655,v0248,Трос сцепления мотоцикла DY100 Китай,https://vixi.prom.ua/p3048159655.html,No Name
3050505825,v0254,Колье цепочка с перлами белая,https://vixi.prom.ua/p3050505825.html,No Name
3050558073,v0255,"Набор украшений чокер - колье и браслет с жемчугом с сердцем, цвет металла золото",https://vixi.prom.ua/p3050558073.html,No Name
3050583646,v0256,Набор сережек с перлами: 12 пар с большими и малыми строчочными жемчугами,https://vixi.prom.ua/p3050583646.html,No Name
3050591680,v0257,Серьги джекеты бижутерия Жемчужные,https://vixi.prom.ua/p3050591680.html,No Name
3050692200,v0259,Звезда значок шерифа вестерн металл 7х7 см для детей 3+,https://vixi.prom.ua/p3050692200.html,No Name
3052916216,v0261,Комплект колпачков на болты крепления диска RCS+ 17 мм 20 шт Черных,https://vixi.prom.ua/p3052916216.html,No Name
3062657544,v0279,"Наклейки на мотоцикл, скутер, квадроцикл, на колеса CUTNINJA",https://vixi.prom.ua/p3062657544.html,No Name
3062668675,v0280,"Наклейки на мотоцикл, скутер, квадроцикл, на колеса CUTNINJA белая",https://vixi.prom.ua/p3062668675.html,No Name
3062717861,v0285,"Пружина тормозной ножки Дельта, Альфа, Актив",https://vixi.prom.ua/p3062717861.html,No Name
3064751541,v0287,Алмазные насадки для заточки цепи пилы 2 штуки,https://vixi.prom.ua/p3064751541.html,No Name
3064762961,v0288,"Наклейка виниловая для машины герб Украины на стекло кузов авто стикеры, 12 х 7 см",https://vixi.prom.ua/p3064762961.html,No Name
3069649860,v0306,Элемент вентиляционной сетки Renault Opel,https://vixi.prom.ua/p3069649860.html,No Name
3069671727,v0309,Знак противопожарный синий 85х110 мм Огнетушитель д-8125,https://vixi.prom.ua/p3069671727.html,No Name
3069806603,v0313,Датчик холу ТА-084-СВ-125/150 (YB) 26961,https://vixi.prom.ua/p3069806603.html,No Name
3071970309,v0316,Ароматическая свеча Pomegranate в стеклянной коробке с деревянной крышкой,https://vixi.prom.ua/p3071970309.html,No Name
3078759815,v0323,Глицериновый крем для рук и ногтей Revers Ultra Soft 200 мл,https://vixi.prom.ua/p3078759815.html,No Name
3078784796,v0328,Секционная менажница (блюдо для сервировки) на 6 предметов салатовая,https://vixi.prom.ua/p3078784796.html,No Name
3081016260,v0329,Секционная менажница (блюдо для сервировки) на 6 предметов голубая,https://vixi.prom.ua/p3081016260.html,No Name
3082644751,v0330,Зеркало настенное овальное в белой текстурированной рамке 58×48 см,https://vixi.prom.ua/p3082644751.html,No Name
3082670478,v0333,LED жилет безопасности светоотражающий для бега и велосипеда,https://vixi.prom.ua/p3082670478.html,No Name
3083011221,v0337,Набор штампов Doodles Craft Set 20 предметов розовый,https://vixi.prom.ua/p3083011221.html,No Name
3083020017,v0339,Секционная менажница (блюдо для сервировки) на 6 предметов серая,https://vixi.prom.ua/p3083020017.html,No Name
3084149937,v0340,"Набор для создания мозаичного шкатулки для украшений ""minnie""",https://vixi.prom.ua/p3084149937.html,No Name
3084169279,v0342,Стильный планшет формата А5 с блокнотом в линейку фиолетовый,https://vixi.prom.ua/p3084169279.html,No Name
3084184348,v0343,Блокнот А5 с разноцветными сердечками 80 листов,https://vixi.prom.ua/p3084184348.html,No Name
3086540346,v0346,"Блокнот планер на спирали 2025-2026 гг, розовый",https://vixi.prom.ua/p3086540346.html,No Name
3089196786,v0347,Водяной пистолет для детей 500 мл с большой дальностью стрельбы,https://vixi.prom.ua/p3089196786.html,No Name
3106198604,v0350,Блокнот DLP Industry A5 в линию на спирали с резинкой,https://vixi.prom.ua/p3106198604.html,No Name
3106199101,v0351,Блокнот А5 DLP Industry розовый леопард спиральный 100 страниц,https://vixi.prom.ua/p3106199101.html,No Name
3106208113,v0353,Грелка INDI Hot Bag 2л - резиновая бутылка для горячей и холодной терапии,https://vixi.prom.ua/p3106208113.html,No Name
3106233139,v0357,Планировщик BTS Agenda 2025-2026 розовый с наклейками,https://vixi.prom.ua/p3106233139.html,No Name
3106245530,v0358,Планировщик BTS Agenda 2025-2026 красный с наклейками,https://vixi.prom.ua/p3106245530.html,No Name
3106248466,v0359,"Планер 2025-2026 с ромашками, стикерами и закладками",https://vixi.prom.ua/p3106248466.html,No Name
3106256548,v0360,Стильный планшет формата А5 с блокнотом в линейку зеленый,https://vixi.prom.ua/p3106256548.html,No Name
3106258458,v0361,Стильный планшет формата А5 с блокнотом в линейку розовый,https://vixi.prom.ua/p3106258458.html,No Name
3106285084,v0363,Обои флизелиновые тропические золотые пальмы на черном 10.05×0.53м,https://vixi.prom.ua/p3106285084.html,No Name
3107044668,v0364,Антипригарный гриль-деко 34x24 см из нержавеющей стали,https://vixi.prom.ua/p3107044668.html,No Name
3109243953,v0365,Ароматизированная свеча Flower Shower в подарочной коробке,https://vixi.prom.ua/p3109243953.html,No Name
3125560385,v0371,"Колготки Kate Legwear Tights Satin Shine 15 DEN, 2 пары, черные, размер S (36-38) Kate Legwear",https://vixi.prom.ua/p3125560385.html,No Name
3125562948,v0372,"Полимерная глина DecoTime 6x20 г, монохромный набор сине-фиолетовых оттенков + 1 блок с глиттером DecoTime",https://vixi.prom.ua/p3125562948.html,No Name
3125598144,v0373,"Свечи столовые AVEC Cherry, набор 2 шт, 25 x Ø 2,2 см AVEC",https://vixi.prom.ua/p3125598144.html,No Name
3127875130,v0374,Набор грима вампира с клыками Fun World,https://vixi.prom.ua/p3127875130.html,No Name
3128082098,v0375,Ароматическая свеча в матовом стекле с крышкой Dream + Inspire Chesapeake Bay Candle,https://vixi.prom.ua/p3128082098.html,No Name
3128638633,v0377,"Свечи столовые Daisy, набор 2 шт. Avec",https://vixi.prom.ua/p3128638633.html,No Name
3128668964,v0378,Набор столовых свечей 3 шт,https://vixi.prom.ua/p3128668964.html,No Name
3128672292,v0379,Винтажная керамическая тарелка-блеска в виде кексика,https://vixi.prom.ua/p3128672292.html,No Name
3128726292,v0380,"Ароматическая свеча TreeWick Musk, Santal & Magnolia Birch TreeWick",https://vixi.prom.ua/p3128726292.html,No Name
3129092796,v0381,"Кабель питания с вилкой PRO-MAX 2,5 м H05VV-F 3x1,5 мм2 белый PRO-MAX",https://vixi.prom.ua/p3129092796.html,No Name
3129720666,v0382,Керамическая десертная тарелка в форме кекса (капейка) с ручной росписью.,https://vixi.prom.ua/p3129720666.html,No Name
3129730108,v0383,"Набор стеклянных банок для хранения, 2 шт. Home Centre",https://vixi.prom.ua/p3129730108.html,No Name
3129739063,v0385,Настольный органайзер с 2 выдвижными ящиками RISEMART,https://vixi.prom.ua/p3129739063.html,No Name
3129760765,v0386,Настольный органайзер с 2-мя выдвижными ящиками,https://vixi.prom.ua/p3129760765.html,No Name
3129761077,v0387,Плед Brooke 130x170 см розовый,https://vixi.prom.ua/p3129761077.html,No Name
3129761564,v0388,Стеклянная бутылка для воды с бамбуковой крышкой,https://vixi.prom.ua/p3129761564.html,No Name
3130749139,v0390,"Набор светодиодных клипс фонариков Walfos, 6 шт Walfos",https://vixi.prom.ua/p3130749139.html,No Name
3130777878,v0391,Набор мисок для закусок Snack Bowl Snack Bowl,https://vixi.prom.ua/p3130777878.html,No Name
3131117156,v0392,"Меланиновая миска с принтом тигра ""Feel the Summer"" None",https://vixi.prom.ua/p3131117156.html,No Name
3136122266,v0398,Подвесная корзина под полку металлическая,https://vixi.prom.ua/p3136122266.html,No Name
3136244830,v0408,"Опори для рослин Garden Touch 40 см, 50 шт Garden Touch",https://vixi.prom.ua/p3136244830.html,No Name
3136343922,v0413,Солнцезащитные очки зеленые прямоугольные,https://vixi.prom.ua/p3136343922.html,No Name
3136343923,v0414,Музична шкатулка-карусель «Ракета» Home Accents Decorations,https://vixi.prom.ua/p3136343923.html,No Name
3136343924,v0415,"Набор столовых вилок с блестящими ручками, 4 шт Home Choice",https://vixi.prom.ua/p3136343924.html,No Name
3137480984,v0423,"Бумажные подставки под напитки круглые 107 мм, 50 шт",https://vixi.prom.ua/p3137480984.html,No Name
3137480985,v0424,Набір склянок для віскі 3 шт 260 мл,https://vixi.prom.ua/p3137480985.html,No Name
3137498533,v0425,Керамічна скарбничка «Космонавт / ракета» Servi Consumer,https://vixi.prom.ua/p3137498533.html,No Name
3137498534,v0426,Светодиодная мемориальная свеча для улицы,https://vixi.prom.ua/p3137498534.html,No Name
3137498535,v0427,"Настольный органайзер Avec, 3-х секционный Avec",https://vixi.prom.ua/p3137498535.html,No Name
3137702772,v0430,"Пазл напольный Toy Universe «Дорога», 24 элемента Toy Universe",https://vixi.prom.ua/p3137702772.html,No Name
3138858092,v0454,Плоская швабра с одноразовыми салфетками W5 W5,https://vixi.prom.ua/p3138858092.html,No Name
3138858094,v0456,Кругла решітка для барбекю Grill Meister 44 см Grill Meister,https://vixi.prom.ua/p3138858094.html,No Name
3138858095,v0457,Лоток для столових приборів LIVARNO home LIVARNO home,https://vixi.prom.ua/p3138858095.html,No Name
3139680797,v0488,Умные напольные весы Silvergear Smart Scale with Body Analysis App Silvergear,https://vixi.prom.ua/p3139680797.html,No Name
3139680800,v0491,"Влажные одноразовые салфетки для мытья твердых полов W5, 60 шт W5",https://vixi.prom.ua/p3139680800.html,No Name
3140901626,v0528,"Прищепки для белья W5, 100 шт W5",https://vixi.prom.ua/p3140901626.html,No Name
3140901627,v0529,Бамбукова чайна коробка SilverCrest,https://vixi.prom.ua/p3140901627.html,No Name
3140971474,v0540,Щетка-выпрямитель для волос Rita Ora RHC 29 2-в-1 Rita Ora,https://vixi.prom.ua/p3140971474.html,No Name
3140971476,v0542,Одноразовые сухие салфетки для уборки пола W5 100 шт W5,https://vixi.prom.ua/p3140971476.html,No Name
3142538050,v0567,"Настенное дизайнерское зеркало Bouclé Arch в текстильной раме BA-58, белое",https://vixi.prom.ua/p3142538050.html,No Name
3142538054,v0571,"Набор кухонных ножей для хлеба, овощей и фруктов, 6 шт. LL-06",https://vixi.prom.ua/p3142538054.html,No Name
3143113162,v0600,"Портативный беспроводной аккумуляторный компрессор для авто, мотоцикла, ATV и велосипеда",https://vixi.prom.ua/p3143113162.html,No Name
3144405563,v0627,"Круглые вощёные шнурки из хлопка 75 см, 4 пары (2 чёрные + 2 коричневые), Gipo Gipo",https://vixi.prom.ua/p3144405563.html,No Name
3144405577,v0641,"Дождевик-пончо унисекс прозрачный, размер универсальный",https://vixi.prom.ua/p3144405577.html,No Name
3144405594,v0658,"Недельный органайзер для лекарств, 4 отделения на день, белый",https://vixi.prom.ua/p3144405594.html,No Name
